{"type":"FeatureCollection", "features": [
{"type":"Feature","geometry":{"type":"LineString","coordinates":[[83.4282294,26.7461845],[83.4276764,26.7465562]]},"properties":{"Name":"Untitled measurement","description":null}},
{"type":"Feature","geometry":{"type":"LineString","coordinates":[[83.4281923,26.7461441],[83.4276291,26.7465267]]},"properties":{"Name":"Untitled measurement","description":null}},
{"type":"Feature","geometry":{"type":"LineString","coordinates":[[83.4281527,26.7461043],[83.4275796,26.74649]]},"properties":{"Name":"Untitled measurement","description":null}},
{"type":"Feature","geometry":{"type":"LineString","coordinates":[[83.427582,26.7464892],[83.4271402,26.7467918]]},"properties":{"Name":"Untitled measurement","description":null}},
{"type":"Feature","geometry":{"type":"LineString","coordinates":[[83.4276286,26.7465283],[83.4271882,26.7468273]]},"properties":{"Name":"Untitled measurement","description":null}},
{"type":"Feature","geometry":{"type":"LineString","coordinates":[[83.4276751,26.7465582],[83.4272446,26.7468518]]},"properties":{"Name":"Untitled measurement","description":null}},
{"type":"Feature","geometry":{"type":"LineString","coordinates":[[82.4774047,26.9464313],[82.4780316,26.9462331],[82.4787248,26.946014],[82.4794085,26.9457972]]},"properties":{"Name":"Untitled measurement","description":null}},
{"type":"Feature","geometry":{"type":"LineString","coordinates":[[82.4794069,26.9457981],[82.4800327,26.9455996],[82.4807098,26.9453674],[82.4813883,26.9451541]]},"properties":{"Name":"Untitled measurement","description":null}},
{"type":"Feature","geometry":{"type":"LineString","coordinates":[[82.481387,26.9451546],[82.4820203,26.9449468],[82.4825322,26.9447728]]},"properties":{"Name":"Untitled measurement","description":null}},
{"type":"Feature","geometry":{"type":"LineString","coordinates":[[82.4825311,26.944773],[82.4830488,26.9446035],[82.4835562,26.9444363],[82.4840595,26.9442676]]},"properties":{"Name":"Untitled measurement","description":null}},
{"type":"Feature","geometry":{"type":"LineString","coordinates":[[82.4840578,26.9442681],[82.4847006,26.944051],[82.4853755,26.9438255]]},"properties":{"Name":"Untitled measurement","description":null}},
{"type":"Feature","geometry":{"type":"LineString","coordinates":[[82.4853732,26.9438262],[82.486025,26.9436284],[82.4866283,26.9434311],[82.4872609,26.9432186]]},"properties":{"Name":"Untitled measurement","description":null}},
{"type":"Feature","geometry":{"type":"LineString","coordinates":[[82.4872598,26.9432191],[82.4879316,26.9430041],[82.4886262,26.942784]]},"properties":{"Name":"Untitled measurement","description":null}},
{"type":"Feature","geometry":{"type":"LineString","coordinates":[[82.4886247,26.9427843],[82.4892685,26.942566],[82.4899562,26.9423429],[82.4905709,26.9421533]]},"properties":{"Name":"Untitled measurement","description":null}},
{"type":"Feature","geometry":{"type":"LineString","coordinates":[[82.4905698,26.9421536],[82.4911924,26.9419552],[82.4918398,26.9417452],[82.4924362,26.9415352]]},"properties":{"Name":"Untitled measurement","description":null}},
{"type":"Feature","geometry":{"type":"LineString","coordinates":[[82.4924346,26.9415355],[82.4930254,26.9413259],[82.4935307,26.94114],[82.494067,26.9409174]]},"properties":{"Name":"Untitled measurement","description":null}},
{"type":"Feature","geometry":{"type":"LineString","coordinates":[[82.4940652,26.9409181],[82.4946062,26.9406976],[82.4950405,26.9405208],[82.4955259,26.9403206],[82.4960324,26.9401212]]},"properties":{"Name":"Untitled measurement","description":null}},
{"type":"Feature","geometry":{"type":"LineString","coordinates":[[82.4960284,26.9401224],[82.4964474,26.9399513],[82.4968678,26.9397837],[82.497363,26.939586],[82.497896,26.939375]]},"properties":{"Name":"Untitled measurement","description":null}},
{"type":"Feature","geometry":{"type":"LineString","coordinates":[[82.4978941,26.9393754],[82.4984704,26.9391463],[82.4990997,26.9388971],[82.4997683,26.9386318]]},"properties":{"Name":"Untitled measurement","description":null}},
{"type":"Feature","geometry":{"type":"LineString","coordinates":[[82.4997668,26.9386321],[82.5002876,26.9384165],[82.500763,26.9382313]]},"properties":{"Name":"Untitled measurement","description":null}}
]}