{"type":"FeatureCollection", "features": [
{"type":"Feature","geometry":{"type":"LineString","coordinates":[[81.1890082,26.9401818],[81.1892424,26.9403195]]},"properties":{"Name":"Untitled measurement","description":null}},
{"type":"Feature","geometry":{"type":"LineString","coordinates":[[81.1907535,26.941197],[81.1912948,26.9415093]]},"properties":{"Name":"Untitled measurement","description":null}},
{"type":"Feature","geometry":{"type":"LineString","coordinates":[[81.191294,26.94151],[81.1918368,26.941826]]},"properties":{"Name":"Untitled measurement","description":null}},
{"type":"Feature","geometry":{"type":"LineString","coordinates":[[81.1918365,26.9418273],[81.1923696,26.9421392]]},"properties":{"Name":"Untitled measurement","description":null}},
{"type":"Feature","geometry":{"type":"LineString","coordinates":[[81.1923689,26.9421403],[81.1928196,26.9423998]]},"properties":{"Name":"Untitled measurement","description":null}},
{"type":"Feature","geometry":{"type":"LineString","coordinates":[[81.192819,26.942399],[81.193348,26.9427065]]},"properties":{"Name":"Untitled measurement","description":null}},
{"type":"Feature","geometry":{"type":"LineString","coordinates":[[81.1933458,26.9427037],[81.1949056,26.9436087]]},"properties":{"Name":"Untitled measurement","description":"<div>16.5 m</div>"}},
{"type":"Feature","geometry":{"type":"LineString","coordinates":[[81.1949017,26.9436081],[81.1953563,26.9438725]]},"properties":{"Name":"Untitled measurement","description":null}},
{"type":"Feature","geometry":{"type":"LineString","coordinates":[[81.1897827,26.9406298],[81.1902415,26.9408496]]},"properties":{"Name":"Untitled measurement","description":null}},
{"type":"Feature","geometry":{"type":"LineString","coordinates":[[82.8364307,26.8007283],[82.8377316,26.8003363]]},"properties":{"Name":"Untitled path","description":null}},
{"type":"Feature","geometry":{"type":"LineString","coordinates":[[81.1953555,26.9438726],[81.1958181,26.9441479]]},"properties":{"Name":"Untitled measurement","description":null}},
{"type":"Feature","geometry":{"type":"LineString","coordinates":[[81.1958183,26.9441503],[81.1973351,26.9450259]]},"properties":{"Name":"Untitled measurement","description":null}},
{"type":"Feature","geometry":{"type":"LineString","coordinates":[[81.197333,26.9450258],[81.1995022,26.9462868]]},"properties":{"Name":"Untitled measurement","description":null}},
{"type":"Feature","geometry":{"type":"LineString","coordinates":[[81.199505,26.9462893],[81.2011042,26.9472151]]},"properties":{"Name":"Untitled measurement","description":null}},
{"type":"Feature","geometry":{"type":"LineString","coordinates":[[81.2011087,26.9472164],[81.2020623,26.9477594]]},"properties":{"Name":"Untitled measurement","description":null}},
{"type":"Feature","geometry":{"type":"LineString","coordinates":[[81.2020578,26.9477559],[81.203053,26.9483118]]},"properties":{"Name":"Untitled measurement","description":null}},
{"type":"Feature","geometry":{"type":"LineString","coordinates":[[81.2030539,26.9483183],[81.2041259,26.9489069]]},"properties":{"Name":"Untitled measurement","description":null}},
{"type":"Feature","geometry":{"type":"LineString","coordinates":[[81.2041227,26.9489056],[81.2063386,26.9501756]]},"properties":{"Name":"Untitled measurement","description":null}},
{"type":"Feature","geometry":{"type":"LineString","coordinates":[[81.2063403,26.9501767],[81.208392,26.9513713]]},"properties":{"Name":"Untitled measurement","description":null}},
{"type":"Feature","geometry":{"type":"LineString","coordinates":[[81.20839,26.951368],[81.2105234,26.9526072]]},"properties":{"Name":"Untitled measurement","description":null}},
{"type":"Feature","geometry":{"type":"LineString","coordinates":[[81.2105178,26.9526047],[81.2126018,26.9538207]]},"properties":{"Name":"Untitled measurement","description":null}},
{"type":"Feature","geometry":{"type":"LineString","coordinates":[[81.2125979,26.9538188],[81.2136346,26.9544148]]},"properties":{"Name":"Untitled measurement","description":null}},
{"type":"Feature","geometry":{"type":"LineString","coordinates":[[81.2136332,26.9544148],[81.2147218,26.9550503]]},"properties":{"Name":"Untitled measurement","description":null}},
{"type":"Feature","geometry":{"type":"LineString","coordinates":[[81.2147229,26.9550507],[81.2156798,26.9556054]]},"properties":{"Name":"Untitled measurement","description":null}},
{"type":"Feature","geometry":{"type":"LineString","coordinates":[[81.2156754,26.9556063],[81.2182041,26.9570664]]},"properties":{"Name":"Untitled measurement","description":null}},
{"type":"Feature","geometry":{"type":"LineString","coordinates":[[81.2182022,26.9570645],[81.2198986,26.9580582]]},"properties":{"Name":"Untitled measurement","description":null}},
{"type":"Feature","geometry":{"type":"LineString","coordinates":[[81.1902448,26.9408505],[81.1907897,26.9411591]]},"properties":{"Name":"Untitled measurement","description":null}},
{"type":"Feature","geometry":{"type":"LineString","coordinates":[[81.2198979,26.9580577],[81.2211074,26.9587604]]},"properties":{"Name":"Untitled measurement","description":null}},
{"type":"Feature","geometry":{"type":"LineString","coordinates":[[81.2211071,26.9587601],[81.2222509,26.9594202]]},"properties":{"Name":"Untitled measurement","description":null}},
{"type":"Feature","geometry":{"type":"LineString","coordinates":[[81.1907875,26.9411589],[81.191329,26.9414734]]},"properties":{"Name":"Untitled measurement","description":null}},
{"type":"Feature","geometry":{"type":"LineString","coordinates":[[81.22225,26.9594197],[81.2233274,26.9600452]]},"properties":{"Name":"Untitled measurement","description":null}},
{"type":"Feature","geometry":{"type":"LineString","coordinates":[[81.2233347,26.9600486],[81.2244007,26.9606676]]},"properties":{"Name":"Untitled measurement","description":null}},
{"type":"Feature","geometry":{"type":"LineString","coordinates":[[81.2243988,26.960665],[81.2254166,26.9612593]]},"properties":{"Name":"Untitled measurement","description":null}},
{"type":"Feature","geometry":{"type":"LineString","coordinates":[[81.2254201,26.9612611],[81.2270618,26.9622122]]},"properties":{"Name":"Untitled measurement","description":null}},
{"type":"Feature","geometry":{"type":"LineString","coordinates":[[81.2270618,26.9622147],[81.2285545,26.9630838]]},"properties":{"Name":"Untitled measurement","description":null}},
{"type":"Feature","geometry":{"type":"LineString","coordinates":[[81.2285493,26.9630842],[81.2299459,26.9638932]]},"properties":{"Name":"Untitled measurement","description":null}},
{"type":"Feature","geometry":{"type":"LineString","coordinates":[[81.2299436,26.963894],[81.2309272,26.9644581]]},"properties":{"Name":"Untitled measurement","description":null}},
{"type":"Feature","geometry":{"type":"LineString","coordinates":[[81.23093,26.9644582],[81.2319643,26.9650633]]},"properties":{"Name":"Untitled measurement","description":null}},
{"type":"Feature","geometry":{"type":"LineString","coordinates":[[81.2319625,26.9650661],[81.2330092,26.9656662]]},"properties":{"Name":"Untitled measurement","description":null}},
{"type":"Feature","geometry":{"type":"LineString","coordinates":[[81.2329984,26.965663],[81.2339822,26.9662333]]},"properties":{"Name":"Untitled measurement","description":null}},
{"type":"Feature","geometry":{"type":"LineString","coordinates":[[81.2339791,26.9662323],[81.2348769,26.966752]]},"properties":{"Name":"Untitled measurement","description":null}},
{"type":"Feature","geometry":{"type":"LineString","coordinates":[[81.2348709,26.9667518],[81.2358044,26.9672928]]},"properties":{"Name":"Untitled measurement","description":null}},
{"type":"Feature","geometry":{"type":"LineString","coordinates":[[81.2358014,26.9672948],[81.236803,26.9678748]]},"properties":{"Name":"Untitled measurement","description":null}},
{"type":"Feature","geometry":{"type":"LineString","coordinates":[[81.2368058,26.967877],[81.2377872,26.9684459]]},"properties":{"Name":"Untitled measurement","description":null}},
{"type":"Feature","geometry":{"type":"LineString","coordinates":[[81.2377859,26.9684473],[81.2388507,26.9690601]]},"properties":{"Name":"Untitled measurement","description":null}},
{"type":"Feature","geometry":{"type":"LineString","coordinates":[[81.2388512,26.9690631],[81.2401544,26.9698197]]},"properties":{"Name":"Untitled measurement","description":null}},
{"type":"Feature","geometry":{"type":"LineString","coordinates":[[81.2401535,26.9698192],[81.2410047,26.9703081]]},"properties":{"Name":"Untitled measurement","description":null}},
{"type":"Feature","geometry":{"type":"LineString","coordinates":[[81.2410078,26.9703117],[81.2418964,26.9708464]]},"properties":{"Name":"Untitled measurement","description":null}},
{"type":"Feature","geometry":{"type":"LineString","coordinates":[[81.2418932,26.9708446],[81.2424604,26.9711946]]},"properties":{"Name":"Untitled measurement","description":null}},
{"type":"Feature","geometry":{"type":"LineString","coordinates":[[81.2424581,26.9711934],[81.2437595,26.9719601]]},"properties":{"Name":"Untitled measurement","description":null}},
{"type":"Feature","geometry":{"type":"LineString","coordinates":[[81.2435367,26.9718312],[81.2439528,26.9721234]]},"properties":{"Name":"Untitled measurement","description":null}},
{"type":"Feature","geometry":{"type":"LineString","coordinates":[[81.243949,26.9721234],[81.2447853,26.9726119]]},"properties":{"Name":"Untitled measurement","description":null}},
{"type":"Feature","geometry":{"type":"LineString","coordinates":[[81.2437587,26.971961],[81.244816,26.9725723]]},"properties":{"Name":"Untitled measurement","description":null}},
{"type":"Feature","geometry":{"type":"LineString","coordinates":[[81.2448186,26.9725733],[81.2453487,26.9728858]]},"properties":{"Name":"Untitled measurement","description":null}},
{"type":"Feature","geometry":{"type":"LineString","coordinates":[[81.2453453,26.9728829],[81.2464139,26.9735014]]},"properties":{"Name":"Untitled measurement","description":null}},
{"type":"Feature","geometry":{"type":"LineString","coordinates":[[81.2464194,26.9735007],[81.2479301,26.9743853]]},"properties":{"Name":"Untitled measurement","description":null}},
{"type":"Feature","geometry":{"type":"LineString","coordinates":[[81.2479308,26.9743844],[81.2490032,26.9750036]]},"properties":{"Name":"Untitled measurement","description":null}},
{"type":"Feature","geometry":{"type":"LineString","coordinates":[[83.4271423,26.7467906],[83.4267778,26.7470376]]},"properties":{"Name":"Untitled measurement","description":null}},
{"type":"Feature","geometry":{"type":"LineString","coordinates":[[83.4271875,26.7468272],[83.4268166,26.7470697]]},"properties":{"Name":"Untitled measurement","description":null}},
{"type":"Feature","geometry":{"type":"LineString","coordinates":[[81.248999,26.9750045],[81.249995,26.975583]]},"properties":{"Name":"Untitled measurement","description":null}},
{"type":"Feature","geometry":{"type":"LineString","coordinates":[[83.4272456,26.7468534],[83.4268748,26.747094]]},"properties":{"Name":"Untitled measurement","description":null}},
{"type":"Feature","geometry":{"type":"LineString","coordinates":[[81.2499978,26.9755849],[81.2506745,26.975976]]},"properties":{"Name":"Untitled measurement","description":null}},
{"type":"Feature","geometry":{"type":"LineString","coordinates":[[81.2447878,26.9726132],[81.2468732,26.9738244]]},"properties":{"Name":"Untitled measurement","description":null}},
{"type":"Feature","geometry":{"type":"LineString","coordinates":[[83.4267828,26.7470357],[83.4264969,26.7472357]]},"properties":{"Name":"Untitled measurement","description":null}},
{"type":"Feature","geometry":{"type":"LineString","coordinates":[[81.248893,26.9749955],[81.2499663,26.9756183]]},"properties":{"Name":"Untitled measurement","description":null}},
{"type":"Feature","geometry":{"type":"LineString","coordinates":[[81.2499648,26.9756136],[81.2509509,26.9761958]]},"properties":{"Name":"Untitled measurement","description":null}},
{"type":"Feature","geometry":{"type":"LineString","coordinates":[[81.250673,26.9759779],[81.251598,26.9765126]]},"properties":{"Name":"Untitled measurement","description":null}},
{"type":"Feature","geometry":{"type":"LineString","coordinates":[[81.2515899,26.976507],[81.2526214,26.977102]]},"properties":{"Name":"Untitled measurement","description":null}},
{"type":"Feature","geometry":{"type":"LineString","coordinates":[[81.2509528,26.9761988],[81.252011,26.9768089]]},"properties":{"Name":"Untitled measurement","description":null}},
{"type":"Feature","geometry":{"type":"LineString","coordinates":[[81.2526208,26.9771048],[81.2541411,26.9779333]]},"properties":{"Name":"Untitled measurement","description":null}},
{"type":"Feature","geometry":{"type":"LineString","coordinates":[[83.4268178,26.7470707],[83.4265396,26.7472644]]},"properties":{"Name":"Untitled measurement","description":null}},
{"type":"Feature","geometry":{"type":"LineString","coordinates":[[81.2541404,26.9779392],[81.255467,26.9787024]]},"properties":{"Name":"Untitled measurement","description":null}},
{"type":"Feature","geometry":{"type":"LineString","coordinates":[[83.4268773,26.7470975],[83.4265964,26.7472879]]},"properties":{"Name":"Untitled measurement","description":null}},
{"type":"Feature","geometry":{"type":"LineString","coordinates":[[81.2554637,26.9786973],[81.2563686,26.9792339]]},"properties":{"Name":"Untitled measurement","description":null}},
{"type":"Feature","geometry":{"type":"LineString","coordinates":[[81.2563598,26.9792297],[81.2569629,26.9795735]]},"properties":{"Name":"Untitled measurement","description":null}},
{"type":"Feature","geometry":{"type":"LineString","coordinates":[[83.426492,26.7472374],[83.4261421,26.747482]]},"properties":{"Name":"Untitled measurement","description":null}},
{"type":"Feature","geometry":{"type":"LineString","coordinates":[[81.2569536,26.9795689],[81.2581065,26.9802413]]},"properties":{"Name":"Untitled measurement","description":null}},
{"type":"Feature","geometry":{"type":"LineString","coordinates":[[83.4265419,26.747265],[83.4261858,26.7475113]]},"properties":{"Name":"Untitled measurement","description":null}},
{"type":"Feature","geometry":{"type":"LineString","coordinates":[[81.2581022,26.980245],[81.2596355,26.9811258]]},"properties":{"Name":"Untitled measurement","description":null}},
{"type":"Feature","geometry":{"type":"LineString","coordinates":[[83.426599,26.747287],[83.4262343,26.7475386]]},"properties":{"Name":"Untitled measurement","description":null}},
{"type":"Feature","geometry":{"type":"LineString","coordinates":[[81.2596377,26.9811278],[81.2608288,26.9818154]]},"properties":{"Name":"Untitled measurement","description":null}},
{"type":"Feature","geometry":{"type":"LineString","coordinates":[[83.4262308,26.7475413],[83.4257219,26.7478776]]},"properties":{"Name":"Untitled measurement","description":null}},
{"type":"Feature","geometry":{"type":"LineString","coordinates":[[83.4261818,26.7475155],[83.4256906,26.7478479]]},"properties":{"Name":"Untitled measurement","description":null}},
{"type":"Feature","geometry":{"type":"LineString","coordinates":[[81.260823,26.9818127],[81.2619855,26.9824864]]},"properties":{"Name":"Untitled measurement","description":null}},
{"type":"Feature","geometry":{"type":"LineString","coordinates":[[81.2619859,26.9824871],[81.2648587,26.984154]]},"properties":{"Name":"Untitled measurement","description":null}},
{"type":"Feature","geometry":{"type":"LineString","coordinates":[[83.4261432,26.7474818],[83.4256492,26.7478135]]},"properties":{"Name":"Untitled measurement","description":null}},
{"type":"Feature","geometry":{"type":"LineString","coordinates":[[81.26486,26.9841578],[81.2660044,26.9848147]]},"properties":{"Name":"Untitled measurement","description":null}},
{"type":"Feature","geometry":{"type":"LineString","coordinates":[[81.2660017,26.9848153],[81.2677497,26.9858301]]},"properties":{"Name":"Untitled measurement","description":null}},
{"type":"Feature","geometry":{"type":"LineString","coordinates":[[81.2677483,26.9858306],[81.2689029,26.986497]]},"properties":{"Name":"Untitled measurement","description":null}},
{"type":"Feature","geometry":{"type":"LineString","coordinates":[[82.5006393,26.9382134],[82.5002572,26.9383649]]},"properties":{"Name":"Untitled measurement","description":null}},
{"type":"Feature","geometry":{"type":"LineString","coordinates":[[81.2689001,26.9864977],[81.2699324,26.9870907]]},"properties":{"Name":"Untitled measurement","description":null}},
{"type":"Feature","geometry":{"type":"LineString","coordinates":[[81.2699282,26.9870892],[81.2711085,26.9877786]]},"properties":{"Name":"Untitled measurement","description":null}},
{"type":"Feature","geometry":{"type":"LineString","coordinates":[[81.2711044,26.9877758],[81.2734751,26.9891448]]},"properties":{"Name":"Untitled measurement","description":null}},
{"type":"Feature","geometry":{"type":"LineString","coordinates":[[82.500258,26.9383661],[82.4997273,26.9385792]]},"properties":{"Name":"Untitled measurement","description":null}},
{"type":"Feature","geometry":{"type":"LineString","coordinates":[[82.4997287,26.93858],[82.4990729,26.9388422]]},"properties":{"Name":"Untitled measurement","description":null}},
{"type":"Feature","geometry":{"type":"LineString","coordinates":[[82.4990771,26.9388411],[82.4984428,26.9390903]]},"properties":{"Name":"Untitled measurement","description":null}},
{"type":"Feature","geometry":{"type":"LineString","coordinates":[[82.4984439,26.9390901],[82.4978719,26.9393209]]},"properties":{"Name":"Untitled measurement","description":null}},
{"type":"Feature","geometry":{"type":"LineString","coordinates":[[82.497875,26.9393212],[82.4973361,26.9395397]]},"properties":{"Name":"Untitled measurement","description":null}},
{"type":"Feature","geometry":{"type":"LineString","coordinates":[[82.4973393,26.9395387],[82.4968364,26.9397401]]},"properties":{"Name":"Untitled measurement","description":null}},
{"type":"Feature","geometry":{"type":"LineString","coordinates":[[82.4968341,26.9397433],[82.4964143,26.9399075],[82.496022,26.9400752],[82.4955096,26.9402799],[82.4950088,26.940486],[82.4945794,26.9406553],[82.4940516,26.9408744],[82.4934994,26.9410999],[82.4929942,26.9412867]]},"properties":{"Name":"Untitled measurement","description":null}},
{"type":"Feature","geometry":{"type":"LineString","coordinates":[[81.24479,26.9726134],[81.2447834,26.9726107]]},"properties":{"Name":"Untitled measurement","description":null}},
{"type":"Feature","geometry":{"type":"LineString","coordinates":[[81.2734707,26.9891446],[81.2746094,26.989799]]},"properties":{"Name":"Untitled measurement","description":null}},
{"type":"Feature","geometry":{"type":"LineString","coordinates":[[81.2746054,26.9897993],[81.2755603,26.9903506]]},"properties":{"Name":"Untitled measurement","description":null}},
{"type":"Feature","geometry":{"type":"LineString","coordinates":[[81.2755576,26.9903489],[81.2766411,26.9909781]]},"properties":{"Name":"Untitled measurement","description":null}},
{"type":"Feature","geometry":{"type":"LineString","coordinates":[[82.4929968,26.9412867],[82.4924085,26.941495]]},"properties":{"Name":"Untitled measurement","description":null}},
{"type":"Feature","geometry":{"type":"LineString","coordinates":[[81.2766411,26.9909781],[81.2777309,26.9916104]]},"properties":{"Name":"Untitled measurement","description":null}},
{"type":"Feature","geometry":{"type":"LineString","coordinates":[[81.2777307,26.9916097],[81.2783604,26.9919768]]},"properties":{"Name":"Untitled measurement","description":null}},
{"type":"Feature","geometry":{"type":"LineString","coordinates":[[83.4234028,26.7492569],[83.4230766,26.7494214],[83.4227744,26.7495664]]},"properties":{"Name":"Untitled measurement","description":null}}
]}